Scenario , App   , Devices , # tasks , Completed tasks , Failed tasks , Uncompleted tasks ,failed tasks due to VM capacity , failed tasks due to mobility , avg service time , avg processing time , avg network delay , avg server utilization
SINGLE_TIER, All_Generics , 100,24235,16788,7447,13,7341,106,1.466260,1.445153,0.021108,11.777353
SINGLE_TIER,AUGMENTED_REALITY,100 ,0,0,0,13,7341,106,1.466260,1.445153,0.021108,11.777353
SINGLE_TIER,HEALTH_APP,100 ,0,0,0,13,7341,106,1.466260,1.445153,0.021108,11.777353
SINGLE_TIER,HEAVY_COMP_APP,100 ,0,0,0,13,7341,106,1.466260,1.445153,0.021108,11.777353
SINGLE_TIER,INFOTAINMENT_APP,100 ,24235,16788,7447,13,7341,106,1.466260,1.445153,0.021108,11.777353
