Scenario , App   , Devices , # tasks , Completed tasks , Failed tasks , Uncompleted tasks ,failed tasks due to VM capacity , failed tasks due to mobility , avg service time , avg processing time , avg network delay , avg server utilization
TWO_TIER, All_Generics , 100,24331,20523,3808,19,3713,95,1.230583,1.087323,0.143261,9.634496
TWO_TIER,AUGMENTED_REALITY,100 ,0,0,0,19,3713,95,1.230583,1.087323,0.143261,9.634496
TWO_TIER,HEALTH_APP,100 ,0,0,0,19,3713,95,1.230583,1.087323,0.143261,9.634496
TWO_TIER,HEAVY_COMP_APP,100 ,0,0,0,19,3713,95,1.230583,1.087323,0.143261,9.634496
TWO_TIER,INFOTAINMENT_APP,100 ,24331,20523,3808,19,3713,95,1.230583,1.087323,0.143261,9.634496
