Scenario , App   , Devices , # tasks , Completed tasks , Failed tasks , Uncompleted tasks ,failed tasks due to VM capacity , failed tasks due to mobility , avg service time , avg processing time , avg network delay , avg server utilization
SINGLE_TIER, All_Generics , 200,48790,22338,26452,37,26271,181,1.703688,1.680126,0.023563,17.914477
SINGLE_TIER,AUGMENTED_REALITY,200 ,0,0,0,37,26271,181,1.703688,1.680126,0.023563,17.914477
SINGLE_TIER,HEALTH_APP,200 ,0,0,0,37,26271,181,1.703688,1.680126,0.023563,17.914477
SINGLE_TIER,HEAVY_COMP_APP,200 ,0,0,0,37,26271,181,1.703688,1.680126,0.023563,17.914477
SINGLE_TIER,INFOTAINMENT_APP,200 ,48790,22338,26452,37,26271,181,1.703688,1.680126,0.023563,17.914477
