Scenario , App   , Devices , # tasks , Completed tasks , Failed tasks , Uncompleted tasks ,failed tasks due to VM capacity , failed tasks due to mobility , avg service time , avg processing time , avg network delay , avg server utilization
TWO_TIER, All_Generics , 200,48609,30502,18107,26,17925,182,1.345471,1.136949,0.208522,15.336837
TWO_TIER,AUGMENTED_REALITY,200 ,0,0,0,26,17925,182,1.345471,1.136949,0.208522,15.336837
TWO_TIER,HEALTH_APP,200 ,0,0,0,26,17925,182,1.345471,1.136949,0.208522,15.336837
TWO_TIER,HEAVY_COMP_APP,200 ,0,0,0,26,17925,182,1.345471,1.136949,0.208522,15.336837
TWO_TIER,INFOTAINMENT_APP,200 ,48609,30502,18107,26,17925,182,1.345471,1.136949,0.208522,15.336837
