Scenario , App   , Devices , # tasks , Completed tasks , Failed tasks , Uncompleted tasks ,failed tasks due to VM capacity , failed tasks due to mobility , avg service time , avg processing time , avg network delay , avg server utilization
TWO_TIER_WITH_EO, All_Generics , 100,24362,24277,85,26,0,85,1.386209,1.258826,0.127384,12.962255
TWO_TIER_WITH_EO,AUGMENTED_REALITY,100 ,0,0,0,26,0,85,1.386209,1.258826,0.127384,12.962255
TWO_TIER_WITH_EO,HEALTH_APP,100 ,0,0,0,26,0,85,1.386209,1.258826,0.127384,12.962255
TWO_TIER_WITH_EO,HEAVY_COMP_APP,100 ,0,0,0,26,0,85,1.386209,1.258826,0.127384,12.962255
TWO_TIER_WITH_EO,INFOTAINMENT_APP,100 ,24362,24277,85,26,0,85,1.386209,1.258826,0.127384,12.962255
